fit_time,score_time,test_roc_auc,test_average_precision,test_f1_macro,test_accuracy,test_brier
0.26141786575317383,0.06143522262573242,0.9659442724458206,0.9635627528978367,0.9277012711864407,0.9340659340659341,-0.05193614163614164
0.2544558048248291,0.05982398986816406,0.9917440660474717,0.9871069856938228,0.9286833855799372,0.9340659340659341,-0.03845641025641025
0.254284143447876,0.05979299545288086,0.9589783281733746,0.9543651577432166,0.918301910991407,0.9230769230769231,-0.06701465201465201
0.249708890914917,0.057556867599487305,0.999484004127967,0.9991596638655462,0.9881894873458793,0.989010989010989,-0.02162161172161172
0.25397205352783203,0.06129002571105957,0.9922600619195047,0.9880557522972384,0.9401709401709402,0.945054945054945,-0.03622832722832723
