fit_time,score_time,test_roc_auc,test_average_precision,test_f1_macro,test_accuracy,test_brier
0.2652580738067627,0.061018943786621094,0.9855521155830753,0.9818539915966387,0.9303571428571429,0.9340659340659341,-0.04479801621217071
0.2609841823577881,0.060524702072143555,0.9834881320949432,0.9795059431709607,0.9530443756449949,0.9560439560439561,-0.03815679658571919
0.2586193084716797,0.05976295471191406,0.9907120743034056,0.9862755063552966,0.9409474367293965,0.945054945054945,-0.040102702131378065
0.26065993309020996,0.059884071350097656,0.9708462332301341,0.9807121943800144,0.9645684620376379,0.967032967032967,-0.028079715505329953
0.2603898048400879,0.05671811103820801,0.9801341589267286,0.9810100730816844,0.9645684620376379,0.967032967032967,-0.03729430262010658
