mean_fit_time,std_fit_time,mean_score_time,std_score_time,param_clf__estimator__C,params,split0_test_score,split1_test_score,split2_test_score,split3_test_score,split4_test_score,mean_test_score,std_test_score,rank_test_score
0.01607685089111328,0.0026881528371731364,0.0036370277404785155,0.0005274276687667428,0.1,{'clf__estimator__C': 0.1},0.9803921568627452,0.9747162022703817,0.9948400412796697,0.9974200206398349,0.9752321981424148,0.9845201238390093,0.009719368155187744,1
0.017926645278930665,0.0015189251881839064,0.0035175800323486326,0.0002521675847033993,1.0,{'clf__estimator__C': 1.0},0.9711042311661506,0.9736842105263157,0.9922600619195047,0.9953560371517027,0.9798761609907121,0.9824561403508772,0.00974672359390515,2
0.01831817626953125,0.000742380174454265,0.0038131237030029296,0.00032806038161472216,10.0,{'clf__estimator__C': 10.0},0.9695562435500515,0.9711042311661506,0.9824561403508771,0.9927760577915377,0.9829721362229102,0.9797729618163056,0.008556201167460958,3
