{
  "roc_auc": 0.9900793650793651,
  "average_precision": 0.9872260075972483,
  "f1_macro": 0.9526381387619444,
  "accuracy": 0.956140350877193,
  "brier": 0.04232848161912346,
  "ece": 0.08510839144702506
}