fit_time,score_time,test_roc_auc,test_average_precision,test_f1_macro,test_accuracy,test_brier
0.05087709426879883,0.021123886108398438,0.9927760577915378,0.9871395746352807,0.952455590386625,0.9560439560439561,-0.04378087272431759
0.056754112243652344,0.021451950073242188,0.9752321981424149,0.9645226177289282,0.9645684620376379,0.967032967032967,-0.04161908223811571
0.054506778717041016,0.022359848022460938,0.9958720330237358,0.9941134272934425,0.9762277951933125,0.978021978021978,-0.0276198978155193
0.05504012107849121,0.021226882934570312,0.998452012383901,0.9976152623211447,0.9762277951933125,0.978021978021978,-0.02979859949189361
0.05682373046875,0.021374225616455078,0.9736842105263158,0.9712762958563583,0.9162393162393163,0.9230769230769231,-0.04713233986006591
