fit_time,score_time,test_roc_auc,test_average_precision,test_f1_macro,test_accuracy,test_brier
0.3350389003753662,0.030344009399414062,0.9901960784313726,0.9822021225686725,0.9645684620376379,0.967032967032967,-0.03526020050928298
0.32654571533203125,0.030819177627563477,0.9752321981424149,0.9645226177289282,0.9649865332820315,0.967032967032967,-0.032630206239897784
0.33554911613464355,0.03089284896850586,0.9958720330237358,0.9941134272934425,0.9645684620376379,0.967032967032967,-0.022724295565724445
0.3340461254119873,0.0295259952545166,0.9979360165118679,0.9969040247678019,0.9649865332820315,0.967032967032967,-0.022723921846174854
0.3282930850982666,0.030373811721801758,0.9752321981424149,0.9726250067973475,0.9173264114211551,0.9230769230769231,-0.04603380727910855
