{
  "roc_auc": 0.9900793650793651,
  "average_precision": 0.9876121893979037,
  "f1_macro": 0.9626596790042581,
  "accuracy": 0.9649122807017544,
  "brier": 0.03411629057863893,
  "ece": 0.05131898073698005
}