mean_fit_time,std_fit_time,mean_score_time,std_score_time,param_clf__estimator__C,param_clf__estimator__gamma,params,split0_test_score,split1_test_score,split2_test_score,split3_test_score,split4_test_score,mean_test_score,std_test_score,rank_test_score
0.0167177677154541,0.00033206059823822015,0.005770587921142578,0.0003961141866493826,1.0,0.01,"{'clf__estimator__C': 1.0, 'clf__estimator__gamma': 0.01}",0.9824561403508772,0.9736842105263158,0.9963880288957688,0.9963880288957687,0.9731682146542828,0.9844169246646027,0.010316821000892571,2
0.026575565338134766,0.004301044922365865,0.009476184844970703,0.002975941048163535,1.0,0.1,"{'clf__estimator__C': 1.0, 'clf__estimator__gamma': 0.1}",0.9850361197110423,0.97781217750258,0.9932920536635707,0.9824561403508772,0.9602683178534572,0.9797729618163056,0.010972164177504214,3
0.018043327331542968,0.003617380233025611,0.006416845321655274,0.0027341776597615483,10.0,0.01,"{'clf__estimator__C': 10.0, 'clf__estimator__gamma': 0.01}",0.9757481940144479,0.9762641898864809,0.9989680082559339,0.9948400412796697,0.9798761609907121,0.9851393188854489,0.009797945057930154,1
0.028529596328735352,0.003256060918356492,0.007921457290649414,0.0002837438731957418,10.0,0.1,"{'clf__estimator__C': 10.0, 'clf__estimator__gamma': 0.1}",0.9876160990712074,0.9742002063983488,0.9891640866873066,0.9778121775025799,0.9576883384932922,0.977296181630547,0.011328430547007278,4
