{
  "seeds": [
    42,
    1337,
    2020,
    7,
    99
  ],
  "cv": {
    "rf": {
      "roc_auc": {
        "mean": 0.9839834881320949,
        "std": 0.013750128223819628,
        "n": 25
      },
      "average_precision": {
        "mean": 0.9808541909715827,
        "std": 0.014674367406098374,
        "n": 25
      },
      "f1_macro": {
        "mean": 0.9474004484357288,
        "std": 0.026771918980959326,
        "n": 25
      },
      "accuracy": {
        "mean": 0.9512087912087911,
        "std": 0.0245885515704592,
        "n": 25
      },
      "brier": {
        "mean": 0.039338444372327926,
        "std": 0.01423568823528412,
        "n": 25
      }
    },
    "lr": {
      "roc_auc": {
        "mean": 0.9849329205366358,
        "std": 0.015110693387681196,
        "n": 25
      },
      "average_precision": {
        "mean": 0.9762487377170408,
        "std": 0.02398238733692709,
        "n": 25
      },
      "f1_macro": {
        "mean": 0.9520241575945734,
        "std": 0.01966584516983261,
        "n": 25
      },
      "accuracy": {
        "mean": 0.9560439560439559,
        "std": 0.01766236403112262,
        "n": 25
      },
      "brier": {
        "mean": 0.04022975221278977,
        "std": 0.011596370293279892,
        "n": 25
      }
    },
    "svc": {
      "roc_auc": {
        "mean": 0.9856965944272447,
        "std": 0.014397517741974116,
        "n": 25
      },
      "average_precision": {
        "mean": 0.9749993268645256,
        "std": 0.027449988995895427,
        "n": 25
      },
      "f1_macro": {
        "mean": 0.9597176894756225,
        "std": 0.020289595383114752,
        "n": 25
      },
      "accuracy": {
        "mean": 0.9626373626373627,
        "std": 0.018767309095164095,
        "n": 25
      },
      "brier": {
        "mean": 0.0360775181841235,
        "std": 0.012226089345835666,
        "n": 25
      }
    },
    "dt": {
      "roc_auc": {
        "mean": 0.9741589267285862,
        "std": 0.02078814533768122,
        "n": 25
      },
      "average_precision": {
        "mean": 0.9622579477331414,
        "std": 0.029572506824950707,
        "n": 25
      },
      "f1_macro": {
        "mean": 0.9281828228960183,
        "std": 0.028313274545847034,
        "n": 25
      },
      "accuracy": {
        "mean": 0.9331868131868132,
        "std": 0.025755891327834367,
        "n": 25
      },
      "brier": {
        "mean": 0.05543385499601603,
        "std": 0.016950376129318354,
        "n": 25
      }
    },
    "soft": {
      "roc_auc": {
        "mean": 0.9855521155830754,
        "std": 0.014214882446961714,
        "n": 25
      },
      "average_precision": {
        "mean": 0.9785950221283501,
        "std": 0.022420149655330218,
        "n": 25
      },
      "f1_macro": {
        "mean": 0.9565147352244927,
        "std": 0.02484108001630217,
        "n": 25
      },
      "accuracy": {
        "mean": 0.96,
        "std": 0.022404291111169258,
        "n": 25
      },
      "brier": {
        "mean": 0.03933178571892479,
        "std": 0.012377182791544214,
        "n": 25
      }
    },
    "stacking": {
      "roc_auc": {
        "mean": 0.9858204334365326,
        "std": 0.01432924036063287,
        "n": 25
      },
      "average_precision": {
        "mean": 0.9785588778987957,
        "std": 0.02262352639294702,
        "n": 25
      },
      "f1_macro": {
        "mean": 0.9581202545622222,
        "std": 0.02512259532965605,
        "n": 25
      },
      "accuracy": {
        "mean": 0.9608791208791209,
        "std": 0.023328473740792166,
        "n": 25
      },
      "brier": {
        "mean": 0.03346033645519528,
        "std": 0.013374790518208323,
        "n": 25
      }
    }
  },
  "test": {
    "rf": {
      "roc_auc": {
        "mean": 0.9884920634920634,
        "std": 0.006583304563362788,
        "n": 5
      },
      "average_precision": {
        "mean": 0.98374019098261,
        "std": 0.006004228205105527,
        "n": 5
      },
      "f1_macro": {
        "mean": 0.9490768628569421,
        "std": 0.013996364196282496,
        "n": 5
      },
      "accuracy": {
        "mean": 0.9526315789473683,
        "std": 0.01330329025272201,
        "n": 5
      },
      "brier": {
        "mean": 0.041613953593118945,
        "std": 0.009750134380947994,
        "n": 5
      },
      "ece": {
        "mean": 0.06048513786018407,
        "std": 0.011935806398994888,
        "n": 5
      }
    },
    "lr": {
      "roc_auc": {
        "mean": 0.9887566137566137,
        "std": 0.004647311283913802,
        "n": 5
      },
      "average_precision": {
        "mean": 0.9814360009898186,
        "std": 0.0064885594048123,
        "n": 5
      },
      "f1_macro": {
        "mean": 0.9520118523232044,
        "std": 0.006820092037597265,
        "n": 5
      },
      "accuracy": {
        "mean": 0.956140350877193,
        "std": 0.00620269106303991,
        "n": 5
      },
      "brier": {
        "mean": 0.04116382928867792,
        "std": 0.005133224405179886,
        "n": 5
      },
      "ece": {
        "mean": 0.07531090849629846,
        "std": 0.009578199192062554,
        "n": 5
      }
    },
    "svc": {
      "roc_auc": {
        "mean": 0.9910714285714286,
        "std": 0.004576174769543002,
        "n": 5
      },
      "average_precision": {
        "mean": 0.9867359261880368,
        "std": 0.005302301169361469,
        "n": 5
      },
      "f1_macro": {
        "mean": 0.9619077095153123,
        "std": 0.009525599747748801,
        "n": 5
      },
      "accuracy": {
        "mean": 0.9649122807017545,
        "std": 0.00877192982456143,
        "n": 5
      },
      "brier": {
        "mean": 0.033042802000665686,
        "std": 0.004121934804720003,
        "n": 5
      },
      "ece": {
        "mean": 0.0698148618459296,
        "std": 0.011233805430317741,
        "n": 5
      }
    },
    "dt": {
      "roc_auc": {
        "mean": 0.9739748677248677,
        "std": 0.0068598797351267235,
        "n": 5
      },
      "average_precision": {
        "mean": 0.9599699656977275,
        "std": 0.012799125739288743,
        "n": 5
      },
      "f1_macro": {
        "mean": 0.9219531433965666,
        "std": 0.03745038018309403,
        "n": 5
      },
      "accuracy": {
        "mean": 0.9263157894736842,
        "std": 0.03648532340892177,
        "n": 5
      },
      "brier": {
        "mean": 0.054431115473683137,
        "std": 0.015370618053770333,
        "n": 5
      },
      "ece": {
        "mean": 0.09458007711177704,
        "std": 0.013250022174653741,
        "n": 5
      }
    },
    "soft": {
      "roc_auc": {
        "mean": 0.9904761904761905,
        "std": 0.00357234703063666,
        "n": 5
      },
      "average_precision": {
        "mean": 0.9849080677411886,
        "std": 0.0061741096265229296,
        "n": 5
      },
      "f1_macro": {
        "mean": 0.952650130331353,
        "std": 0.013179326491522432,
        "n": 5
      },
      "accuracy": {
        "mean": 0.956140350877193,
        "std": 0.012405382126079782,
        "n": 5
      },
      "brier": {
        "mean": 0.03786893099931139,
        "std": 0.006084675717988835,
        "n": 5
      },
      "ece": {
        "mean": 0.07945912844447164,
        "std": 0.012198490708136178,
        "n": 5
      }
    },
    "stacking": {
      "roc_auc": {
        "mean": 0.9910052910052911,
        "std": 0.0038379738472100904,
        "n": 5
      },
      "average_precision": {
        "mean": 0.9860378377498037,
        "std": 0.005202958909479093,
        "n": 5
      },
      "f1_macro": {
        "mean": 0.9626000909647088,
        "std": 0.01724453859637864,
        "n": 5
      },
      "accuracy": {
        "mean": 0.9649122807017543,
        "std": 0.016410778012166387,
        "n": 5
      },
      "brier": {
        "mean": 0.03158797811403454,
        "std": 0.00893446844963506,
        "n": 5
      },