{
  "cv_roc_auc": {
    "rf": {
      "mean": 0.9839834881320949,
      "std": 0.013750128223819628
    },
    "lr": {
      "mean": 0.9849329205366358,
      "std": 0.015110693387681196
    },
    "svc": {
      "mean": 0.9856965944272447,
      "std": 0.014397517741974116
    },
    "dt": {
      "mean": 0.9741589267285862,
      "std": 0.02078814533768122
    },
    "soft": {
      "mean": 0.9855521155830754,
      "std": 0.014214882446961714
    },
    "stacking": {
      "mean": 0.9858204334365326,
      "std": 0.01432924036063287
    }
  },
  "test_metrics": [
    {
      "seed": 42,
      "rf": {
        "roc_auc": 0.9771825396825397,
        "average_precision": 0.9748332566813315,
        "f1_macro": 0.9253193580085162,
        "accuracy": 0.9298245614035088,
        "brier": 0.05817464020248448,
        "ece": 0.0803549370062632
      },
      "soft": {
        "roc_auc": 0.986111111111111,
        "average_precision": 0.9829203363686122,
        "f1_macro": 0.9343480049362403,
        "accuracy": 0.9385964912280702,
        "brier": 0.04574250186288791,
        "ece": 0.09258378730482202
      },
      "stack": {
        "roc_auc": 0.9854497354497355,
        "average_precision": 0.9821343232633556,
        "f1_macro": 0.9349474199070678,
        "accuracy": 0.9385964912280702,
        "brier": 0.04563283604838378,
        "ece": 0.08597986437870295
      }
    },
    {
      "seed": 1337,
      "rf": {
        "roc_auc": 0.9884259259259259,
        "average_precision": 0.9804375636616043,
        "f1_macro": 0.9521289997480473,
        "accuracy": 0.956140350877193,
        "brier": 0.0390535687530511,
        "ece": 0.060077607167430665
      },
      "soft": {
        "roc_auc": 0.9884259259259259,
        "average_precision": 0.9761613006731695,
        "f1_macro": 0.9715828832571666,
        "accuracy": 0.9736842105263158,
        "brier": 0.034783144371563754,
        "ece": 0.0864914008766145
      },
      "stack": {
        "roc_auc": 0.9910714285714286,
        "average_precision": 0.981457459540757,
        "f1_macro": 0.9811507936507937,
        "accuracy": 0.9824561403508771,
        "brier": 0.02536716412664825,
        "ece": 0.05375149856884781
      }
    },
    {
      "seed": 2020,
      "rf": {
        "roc_auc": 0.9933862433862435,
        "average_precision": 0.9879060440019423,
        "f1_macro": 0.9626596790042581,
        "accuracy": 0.9649122807017544,
        "brier": 0.0348399020899812,
        "ece": 0.055940513548279135
      },
      "soft": {
        "roc_auc": 0.9923941798941799,
        "average_precision": 0.9851648008683573,
        "f1_macro": 0.9531057178116001,
        "accuracy": 0.956140350877193,
        "brier": 0.03588474499970198,
        "ece": 0.06448128167390695
      },
      "stack": {
        "roc_auc": 0.9923941798941799,
        "average_precision": 0.9847115846427082,
        "f1_macro": 0.9626596790042581,
        "accuracy": 0.9649122807017544,
        "brier": 0.02982971881408014,
        "ece": 0.06169368221638522
      }
    },
    {
      "seed": 7,
      "rf": {
        "roc_auc": 0.9912367724867726,
        "average_precision": 0.9863030654926022,
        "f1_macro": 0.9526381387619444,
        "accuracy": 0.956140350877193,
        "brier": 0.04170565302144249,
        "ece": 0.05766081871345028
      },
      "soft": {
        "roc_auc": 0.9900793650793651,
        "average_precision": 0.9872260075972483,
        "f1_macro": 0.9526381387619444,
        "accuracy": 0.956140350877193,
        "brier": 0.04232848161912346,
        "ece": 0.08510839144702506
      },
      "stack": {
        "roc_auc": 0.9900793650793651,
        "average_precision": 0.9876121893979037,
        "f1_macro": 0.9626596790042581,
        "accuracy": 0.9649122807017544,
        "brier": 0.03411629057863893,
        "ece": 0.05131898073698005
      }
    },
    {
      "seed": 99,
      "rf": {
        "roc_auc": 0.9922288359788359,
        "average_precision": 0.9892210250755694,
        "f1_macro": 0.9526381387619444,
        "accuracy": 0.956140350877193,
        "brier": 0.03429600389863548,
        "ece": 0.048391812865497055
      },
      "soft": {
        "roc_auc": 0.9953703703703705,
        "average_precision": 0.9930678931985553,
        "f1_macro": 0.951575906889814,
        "accuracy": 0.956140350877193,
        "brier": 0.030605782143279848,
        "ece": 0.06863078091998968
      },
      "stack": {
        "roc_auc": 0.996031746031746,
        "average_precision": 0.994273631904294,
        "f1_macro": 0.9715828832571666,
        "accuracy": 0.9736842105263158,
        "brier": 0.022993881002421626,
        "ece": 0.04847360510206324
      }
    }
  ],
  "paired_rf_vs_soft_wilcoxon": {
    "stat": 125.5,
    "pvalue": 0.49284915873710466
  },
  "paired_rf_vs_stack_wilcoxon": {
    "stat": 116.0,
    "pvalue": 0.33834723785242404
  }
}