fit_time,score_time,test_roc_auc,test_average_precision,test_f1_macro,test_accuracy,test_brier
0.024379730224609375,0.007394075393676758,0.9651702786377709,0.953699221016088,0.9060887512899897,0.9120879120879121,-0.07022530378944322
0.022507905960083008,0.007965087890625,0.9760061919504645,0.9710330285114335,0.9409474367293965,0.945054945054945,-0.04754064403835803
0.025611162185668945,0.00792384147644043,0.965686274509804,0.9549403158511318,0.9173264114211551,0.9230769230769231,-0.06378176403411702
0.025194883346557617,0.007372140884399414,0.9816821465428278,0.9798209287828665,0.9645684620376379,0.967032967032967,-0.02877652307306497
0.0231170654296875,0.007446765899658203,0.977296181630547,0.9726068168795767,0.9649865332820315,0.967032967032967,-0.05756091292335368
