{
  "roc_auc": 0.979993386243386,
  "average_precision": 0.9530031262433272,
  "f1_macro": 0.9259740259740259,
  "accuracy": 0.9298245614035088,
  "brier": 0.05564681679706589,
  "ece": 0.09368059310736303
}