{
  "low": 0.9559114169316375,
  "high": 0.9972027699968876
}