mean_fit_time,std_fit_time,mean_score_time,std_score_time,param_clf__estimator__C,params,split0_test_score,split1_test_score,split2_test_score,split3_test_score,split4_test_score,mean_test_score,std_test_score,rank_test_score
0.015633153915405273,0.0026354493354675515,0.003539896011352539,0.0004697788114994256,0.1,{'clf__estimator__C': 0.1},0.9876160990712075,0.9721362229102166,0.9943240454076367,0.97781217750258,0.9896800825593395,0.9843137254901961,0.008129842060363759,1
0.017227363586425782,0.0018468493443063898,0.003583812713623047,8.996927816462961e-05,1.0,{'clf__estimator__C': 1.0},0.9819401444788441,0.9711042311661506,0.9938080495356036,0.9809081527347782,0.9912280701754386,0.983797729618163,0.008103599764458432,2
0.021716499328613283,0.0012575737540784615,0.0035786151885986326,0.00022936464091763133,10.0,{'clf__estimator__C': 10.0},0.9814241486068112,0.9654282765737873,0.9922600619195047,0.9803921568627451,0.9907120743034056,0.9820433436532507,0.00957808433450747,3
