fit_time,score_time,test_roc_auc,test_average_precision,test_f1_macro,test_accuracy,test_brier
0.015178918838500977,0.007731914520263672,0.9876160990712075,0.9826826839442832,0.9401709401709402,0.945054945054945,-0.044053574881633396
0.015359163284301758,0.008121013641357422,0.9721362229102166,0.9335704273331935,0.9645684620376379,0.967032967032967,-0.042643801653652814
0.013642072677612305,0.00794219970703125,0.9943240454076367,0.9920877317473439,0.9518008474576272,0.9560439560439561,-0.041077368238412175
0.01393580436706543,0.007570981979370117,0.97781217750258,0.9828810781278455,0.9645684620376379,0.967032967032967,-0.033024734475828245
0.014444112777709961,0.0074367523193359375,0.9896800825593395,0.9842802932292865,0.9401709401709402,0.945054945054945,-0.04179334327742889
