{
  "roc_auc": 0.9910714285714286,
  "average_precision": 0.9799618875241576,
  "f1_macro": 0.9422297297297297,
  "accuracy": 0.9473684210526315,
  "brier": 0.0354170416872748,
  "ece": 0.07030307664978165
}