fit_time,score_time,test_roc_auc,test_average_precision,test_f1_macro,test_accuracy,test_brier
0.05455899238586426,0.022922992706298828,0.9850361197110423,0.9799063700849028,0.9401709401709402,0.945054945054945,-0.04708990542569118
0.05398988723754883,0.02349400520324707,0.9752321981424149,0.966012336919772,0.9765221878224974,0.978021978021978,-0.04098437322044831
0.05327105522155762,0.0239260196685791,0.9896800825593395,0.9859012156461174,0.9401709401709402,0.945054945054945,-0.04218457142958473
0.05424308776855469,0.02195882797241211,0.978328173374613,0.9837461300309598,0.9762277951933125,0.978021978021978,-0.027566558443596206
0.058741092681884766,0.023067951202392578,0.9896800825593395,0.986184478754344,0.9645684620376379,0.967032967032967,-0.041166332577108465
