{
  "roc_auc": 0.9923941798941799,
  "average_precision": 0.9851648008683573,
  "f1_macro": 0.9531057178116001,
  "accuracy": 0.956140350877193,
  "brier": 0.03588474499970198,
  "ece": 0.06448128167390695
}