fit_time,score_time,test_roc_auc,test_average_precision,test_f1_macro,test_accuracy,test_brier
0.33921003341674805,0.032618045806884766,0.9876160990712074,0.9829443569480457,0.9191726938205811,0.9230769230769231,-0.04480990231536016
0.33472204208374023,0.03421473503112793,0.9752321981424148,0.9612276303791497,0.9765221878224974,0.978021978021978,-0.03211830866523624
0.3369791507720947,0.032431840896606445,0.9922600619195048,0.9893194020032255,0.9530443756449949,0.9560439560439561,-0.03332697347609462
0.33796215057373047,0.03306698799133301,0.978328173374613,0.9837461300309598,0.9765221878224974,0.978021978021978,-0.023325765822505864
0.33397722244262695,0.03293490409851074,0.9896800825593396,0.9855264207908895,0.9530443756449949,0.9560439560439561,-0.04094534667450061
