{
  "roc_auc": 0.9930555555555556,
  "average_precision": 0.9860121659165053,
  "f1_macro": 0.9526381387619444,
  "accuracy": 0.956140350877193,
  "brier": 0.030820347522776723,
  "ece": 0.06083534732354982
}