fit_time,score_time,test_roc_auc,test_average_precision,test_f1_macro,test_accuracy,test_brier
0.01723194122314453,0.013963937759399414,0.9876160990712075,0.9821176492706628,0.952455590386625,0.9560439560439561,-0.0438097762297439
0.01830291748046875,0.014687061309814453,0.9731682146542828,0.9387646148854791,0.9765221878224974,0.978021978021978,-0.03986762501109474
0.017570018768310547,0.014526128768920898,0.9927760577915377,0.9909997791356843,0.9641025641025641,0.967032967032967,-0.036107841672141414
0.017156124114990234,0.012337923049926758,0.9803921568627451,0.9844771241830065,0.9881894873458793,0.989010989010989,-0.026641193333193074
0.01839613914489746,0.012800216674804688,0.9891640866873066,0.9842615224671677,0.9295665634674922,0.9340659340659341,-0.04152387576354989
