mean_fit_time,std_fit_time,mean_score_time,std_score_time,param_clf__estimator__C,param_clf__estimator__gamma,params,split0_test_score,split1_test_score,split2_test_score,split3_test_score,split4_test_score,mean_test_score,std_test_score,rank_test_score
0.01739506721496582,0.0008779085347360729,0.006068134307861328,0.0007720562976906571,1.0,0.01,"{'clf__estimator__C': 1.0, 'clf__estimator__gamma': 0.01}",0.9876160990712075,0.9731682146542828,0.9927760577915377,0.9803921568627451,0.9891640866873066,0.984623323013416,0.007002351064473634,1
0.028827571868896486,0.007337711016245845,0.008086347579956054,0.0004627888153579646,1.0,0.1,"{'clf__estimator__C': 1.0, 'clf__estimator__gamma': 0.1}",0.9845201238390092,0.977296181630547,0.9850361197110423,0.97781217750258,0.9669762641898865,0.978328173374613,0.006535042393802908,3
0.022169160842895507,0.0019435529230685154,0.006849813461303711,0.0028811581317370796,10.0,0.01,"{'clf__estimator__C': 10.0, 'clf__estimator__gamma': 0.01}",0.9886480908152735,0.9711042311661506,0.9860681114551084,0.9824561403508771,0.9922600619195047,0.9841073271413828,0.0072489615392511905,2
0.02631540298461914,0.002040562537388046,0.008095264434814453,0.0003216549576005887,10.0,0.1,"{'clf__estimator__C': 10.0, 'clf__estimator__gamma': 0.1}",0.9705882352941175,0.978328173374613,0.9850361197110424,0.9752321981424149,0.956656346749226,0.9731682146542827,0.009497688639705763,4
