{
  "roc_auc": 0.9922288359788359,
  "average_precision": 0.9892210250755694,
  "f1_macro": 0.9526381387619444,
  "accuracy": 0.956140350877193,
  "brier": 0.03429600389863548,
  "ece": 0.048391812865497055
}