fit_time,score_time,test_roc_auc,test_average_precision,test_f1_macro,test_accuracy,test_brier
0.2624938488006592,0.0629281997680664,0.9932920536635707,0.988780798335328,0.952455590386625,0.9560439560439561,-0.04164761904761905
0.26949381828308105,0.058953046798706055,0.9801341589267285,0.9731664737948023,0.9645684620376379,0.967032967032967,-0.033320634920634924
0.27477598190307617,0.06177210807800293,0.9940660474716202,0.9923273657289002,0.9765221878224974,0.978021978021978,-0.023451037851037852
0.2611219882965088,0.05861091613769531,0.9938080495356036,0.9903949280246858,0.9409474367293965,0.945054945054945,-0.03633211233211234
0.27082395553588867,0.06218314170837402,0.9527863777089783,0.9563428759190378,0.9409474367293965,0.945054945054945,-0.051177899877899884
