fit_time,score_time,test_roc_auc,test_average_precision,test_f1_macro,test_accuracy,test_brier
0.02493906021118164,0.007795810699462891,0.9881320949432404,0.9789876985091608,0.9173264114211551,0.9230769230769231,-0.057833332975511936
0.024363040924072266,0.0076410770416259766,0.9713622291021672,0.942827383350143,0.9530443756449949,0.9560439560439561,-0.04907317432867334
0.025090932846069336,0.007767200469970703,0.9824561403508772,0.9798209287828665,0.9535714285714285,0.9560439560439561,-0.042869691223563246
0.02422618865966797,0.00754094123840332,0.9927760577915377,0.987150125043127,0.9653597259231061,0.967032967032967,-0.04304378788236182
0.02227783203125,0.007809162139892578,0.9525283797729619,0.9205498891016726,0.9036016949152542,0.9120879120879121,-0.06279840623725147
