{
  "roc_auc": 0.9727182539682541,
  "average_precision": 0.9662982395762235,
  "f1_macro": 0.9155902920608803,
  "accuracy": 0.9210526315789473,
  "brier": 0.060453024199117335,
  "ece": 0.10888382866990096
}