{
  "low": 0.9325257866562214,
  "high": 0.9974672388734889
}