fit_time,score_time,test_roc_auc,test_average_precision,test_f1_macro,test_accuracy,test_brier
0.015312910079956055,0.008186101913452148,0.9803921568627452,0.9533056544250272,0.9401709401709402,0.945054945054945,-0.05028181019778605
0.015316963195800781,0.008419036865234375,0.9747162022703817,0.9657792366866718,0.9645684620376379,0.967032967032967,-0.04510260499036234
0.013781070709228516,0.00792694091796875,0.9948400412796697,0.9924085850556439,0.9762277951933125,0.978021978021978,-0.028068661574467177
0.01453089714050293,0.008124113082885742,0.9974200206398349,0.9960389728646877,0.9762277951933125,0.978021978021978,-0.03237101100650976
0.014555931091308594,0.007200002670288086,0.9752321981424148,0.9745830597991347,0.9393090569561158,0.945054945054945,-0.04394368729139427
