{
  "low": 0.9662607144948107,
  "high": 0.9993606138107417
}