{
  "roc_auc": 0.9874338624338623,
  "average_precision": 0.9819771513229513,
  "f1_macro": 0.9521289997480473,
  "accuracy": 0.956140350877193,
  "brier": 0.04645507568339293,
  "ece": 0.07968853219441016
}