fit_time,score_time,test_roc_auc,test_average_precision,test_f1_macro,test_accuracy,test_brier
0.3371429443359375,0.031362056732177734,0.9901960784313726,0.9822021225686725,0.9645684620376379,0.967032967032967,-0.03526020050928298
0.3307030200958252,0.031527042388916016,0.9752321981424149,0.9645226177289282,0.9649865332820315,0.967032967032967,-0.032630206239897784
0.33817100524902344,0.03106093406677246,0.9958720330237358,0.9941134272934425,0.9645684620376379,0.967032967032967,-0.022724295565724445
0.3371748924255371,0.032623291015625,0.9979360165118679,0.9969040247678019,0.9649865332820315,0.967032967032967,-0.022723921846174854
0.3345649242401123,0.03026890754699707,0.9752321981424149,0.9726250067973475,0.9173264114211551,0.9230769230769231,-0.04603380727910855
