mean_fit_time,std_fit_time,mean_score_time,std_score_time,param_clf__estimator__C,param_clf__estimator__gamma,params,split0_test_score,split1_test_score,split2_test_score,split3_test_score,split4_test_score,mean_test_score,std_test_score,rank_test_score
0.017023134231567382,0.0009772202974390701,0.006596803665161133,0.0014476032263098966,1.0,0.01,"{'clf__estimator__C': 1.0, 'clf__estimator__gamma': 0.01}",0.9824561403508772,0.9736842105263158,0.9963880288957688,0.9963880288957687,0.9731682146542828,0.9844169246646027,0.010316821000892571,2
0.024332571029663085,0.0021180276294101258,0.010514783859252929,0.0020468301217533643,1.0,0.1,"{'clf__estimator__C': 1.0, 'clf__estimator__gamma': 0.1}",0.9850361197110423,0.97781217750258,0.9932920536635707,0.9824561403508772,0.9602683178534572,0.9797729618163056,0.010972164177504214,3
0.02352566719055176,0.0022341272618400065,0.006994962692260742,0.0021280877447621468,10.0,0.01,"{'clf__estimator__C': 10.0, 'clf__estimator__gamma': 0.01}",0.9757481940144479,0.9762641898864809,0.9989680082559339,0.9948400412796697,0.9798761609907121,0.9851393188854489,0.009797945057930154,1
0.027381467819213866,0.0025170268726207303,0.008162355422973633,0.0004332726884206973,10.0,0.1,"{'clf__estimator__C': 10.0, 'clf__estimator__gamma': 0.1}",0.9876160990712074,0.9742002063983488,0.9891640866873066,0.9778121775025799,0.9576883384932922,0.977296181630547,0.011328430547007278,4
