{
  "roc_auc": 0.9864417989417988,
  "average_precision": 0.9846984882921683,
  "f1_macro": 0.9521289997480473,
  "accuracy": 0.956140350877193,
  "brier": 0.03754455024549856,
  "ece": 0.08875615580493744
}