fit_time,score_time,test_roc_auc,test_average_precision,test_f1_macro,test_accuracy,test_brier
0.016682863235473633,0.011394262313842773,0.9757481940144479,0.9299233014838507,0.952455590386625,0.9560439560439561,-0.04416246744857188
0.016230106353759766,0.011302947998046875,0.9762641898864809,0.9667362821464519,0.9649865332820315,0.967032967032967,-0.041720101280695775
0.016995906829833984,0.011433124542236328,0.9989680082559339,0.998294611962432,0.9762277951933125,0.978021978021978,-0.022114288667244433
0.016798973083496094,0.011409759521484375,0.9948400412796697,0.9927170868347339,0.9762277951933125,0.978021978021978,-0.027918377624850967
0.016392946243286133,0.011488914489746094,0.9798761609907121,0.9773049189557729,0.9409474367293965,0.945054945054945,-0.043015171444625085
