fit_time,score_time,test_roc_auc,test_average_precision,test_f1_macro,test_accuracy,test_brier
0.023267269134521484,0.008346080780029297,0.999484004127967,0.9991596638655462,0.954040404040404,0.9560439560439561,-0.04309255116851921
0.02308201789855957,0.007519960403442383,0.9961300309597524,0.9931754402046148,0.9530443756449949,0.9560439560439561,-0.03043315339564678
0.023675203323364258,0.007586002349853516,0.9891640866873066,0.9643224376637318,0.9021505376344086,0.9120879120879121,-0.049165469978798115
0.022203922271728516,0.007525205612182617,0.9282765737874097,0.8970983431426696,0.8643815201192251,0.8791208791208791,-0.09405004634359895
0.020900964736938477,0.007435798645019531,0.9538183694530444,0.917960491169769,0.9191726938205811,0.9230769230769231,-0.06761048279171733
