{
  "roc_auc": 0.9642857142857144,
  "average_precision": 0.9555347307097604,
  "f1_macro": 0.8628378920349724,
  "accuracy": 0.868421052631579,
  "brier": 0.07586353641789408,
  "ece": 0.10659980023495749
}