{
  "low": 0.9239837290860704,
  "high": 0.9924879762266982
}