fit_time,score_time,test_roc_auc,test_average_precision,test_f1_macro,test_accuracy,test_brier
0.014549970626831055,0.007544040679931641,1.0,1.0,0.9762277951933125,0.978021978021978,-0.023467009139071102
0.014708995819091797,0.008037090301513672,1.0,1.0,0.9762277951933125,0.978021978021978,-0.025349838680997643
0.013980865478515625,0.007765054702758789,0.9979360165118679,0.9969040247678019,0.9641025641025641,0.967032967032967,-0.027111778084683433
0.014119863510131836,0.008046150207519531,0.9742002063983488,0.9289219151464331,0.9036016949152542,0.9120879120879121,-0.06238797914612507
0.015965938568115234,0.007723093032836914,0.9540763673890609,0.9472521654303617,0.9401709401709402,0.945054945054945,-0.05693751847833357
