mean_fit_time,std_fit_time,mean_score_time,std_score_time,param_clf__estimator__C,params,split0_test_score,split1_test_score,split2_test_score,split3_test_score,split4_test_score,mean_test_score,std_test_score,rank_test_score
0.015346336364746093,0.0006246432528618474,0.0034954071044921873,0.0002494852112380721,0.1,{'clf__estimator__C': 0.1},1.0,1.0,0.9979360165118679,0.9742002063983488,0.9540763673890609,0.9852425180598555,0.018384520901253545,1
0.01732296943664551,0.0019433442391708147,0.0034060001373291014,5.933670857445986e-05,1.0,{'clf__estimator__C': 1.0},0.9938080495356038,1.0,0.9958720330237358,0.9731682146542828,0.957172342621259,0.9840041279669764,0.016310693993915656,2
0.01888737678527832,0.0016449707141336092,0.003600788116455078,0.0004074558980122322,10.0,{'clf__estimator__C': 10.0},0.9907120743034056,0.9979360165118679,0.9917440660474717,0.9690402476780186,0.95562435500516,0.9810113519091848,0.016022149593457474,3
