{
  "roc_auc": 0.9821428571428571,
  "average_precision": 0.977687741763372,
  "f1_macro": 0.9614864864864865,
  "accuracy": 0.9649122807017544,
  "brier": 0.04521748690677387,
  "ece": 0.085443437282258
}