{
  "low": 0.9569610516066213,
  "high": 0.9992984552984553
}