{
  "roc_auc": 0.986111111111111,
  "average_precision": 0.9829203363686122,
  "f1_macro": 0.9343480049362403,
  "accuracy": 0.9385964912280702,
  "brier": 0.04574250186288791,
  "ece": 0.09258378730482202
}