fit_time,score_time,test_roc_auc,test_average_precision,test_f1_macro,test_accuracy,test_brier
0.05342411994934082,0.022286176681518555,1.0,1.0,0.9881894873458793,0.989010989010989,-0.024821129150732965
0.05555891990661621,0.021338224411010742,0.9994840041279669,0.9991596638655462,0.9765221878224974,0.978021978021978,-0.02050665198846371
0.05490612983703613,0.02188277244567871,0.9984520123839009,0.997403346365284,0.9765221878224974,0.978021978021978,-0.024245821205638927
0.05542182922363281,0.021216154098510742,0.9716202270381837,0.9141808047991067,0.8907563025210083,0.9010989010989011,-0.06583026841801784
0.056799888610839844,0.019814252853393555,0.958720330237358,0.9467523114502087,0.9530443756449949,0.9560439560439561,-0.05525592281559487
