fit_time,score_time,test_roc_auc,test_average_precision,test_f1_macro,test_accuracy,test_brier
0.018693923950195312,0.01175999641418457,1.0,1.0,0.9881894873458793,0.989010989010989,-0.018301782960688903
0.016858816146850586,0.012466907501220703,0.9994840041279669,0.9991596638655462,0.9765221878224974,0.978021978021978,-0.016484198036287256
0.018252134323120117,0.011701822280883789,0.9974200206398348,0.9962292609351433,0.9881894873458793,0.989010989010989,-0.023837496869885486
0.017262935638427734,0.010242938995361328,0.9752321981424148,0.9181340674671394,0.9162393162393163,0.9230769230769231,-0.05784593230032607
0.01656484603881836,0.01049494743347168,0.958204334365325,0.9542815177404105,0.9295665634674922,0.9340659340659341,-0.05612837158049505
