{
  "roc_auc": 0.9867724867724869,
  "average_precision": 0.9835678671995808,
  "f1_macro": 0.9619111259605746,
  "accuracy": 0.9649122807017544,
  "brier": 0.03729237671169246,
  "ece": 0.06582725656161732
}