mean_fit_time,std_fit_time,mean_score_time,std_score_time,param_clf__estimator__C,param_clf__estimator__gamma,params,split0_test_score,split1_test_score,split2_test_score,split3_test_score,split4_test_score,mean_test_score,std_test_score,rank_test_score
0.018459510803222657,0.0026620008045613874,0.007620859146118164,0.0028844604894558896,1.0,0.01,"{'clf__estimator__C': 1.0, 'clf__estimator__gamma': 0.01}",1.0,0.9994840041279669,0.9984520123839009,0.9742002063983488,0.9520123839009288,0.984829721362229,0.019080966413791246,2
0.022367382049560548,0.0008409150652330496,0.010591506958007812,0.002731734412528185,1.0,0.1,"{'clf__estimator__C': 1.0, 'clf__estimator__gamma': 0.1}",1.0,0.9969040247678018,0.9958720330237358,0.97781217750258,0.9530443756449948,0.9847265221878224,0.01764856751889793,3
0.020056486129760742,0.002472179760715908,0.006037187576293945,0.001940220603845384,10.0,0.01,"{'clf__estimator__C': 10.0, 'clf__estimator__gamma': 0.01}",1.0,0.9994840041279669,0.9974200206398348,0.9752321981424148,0.958204334365325,0.9860681114551083,0.016713806435426744,1
0.025286340713500978,0.0018024094807798522,0.007609415054321289,0.00047685957855921355,10.0,0.1,"{'clf__estimator__C': 10.0, 'clf__estimator__gamma': 0.1}",0.9994840041279669,0.9943240454076367,0.9953560371517027,0.9752321981424148,0.9484004127966976,0.9825593395252838,0.019021710347111538,4
