fit_time,score_time,test_roc_auc,test_average_precision,test_f1_macro,test_accuracy,test_brier
0.251417875289917,0.04488229751586914,0.9855521155830753,0.9818539915966387,0.9303571428571429,0.9340659340659341,-0.04479801621217071
0.2640702724456787,0.060739755630493164,0.9834881320949432,0.9795059431709607,0.9530443756449949,0.9560439560439561,-0.03815679658571919
0.2657358646392822,0.05895709991455078,0.9907120743034056,0.9862755063552966,0.9409474367293965,0.945054945054945,-0.040102702131378065
0.2543807029724121,0.059998273849487305,0.9708462332301341,0.9807121943800144,0.9645684620376379,0.967032967032967,-0.028079715505329953
0.25603270530700684,0.060617923736572266,0.9801341589267286,0.9810100730816844,0.9645684620376379,0.967032967032967,-0.03729430262010658
