{
  "roc_auc": 0.9933862433862435,
  "average_precision": 0.9879060440019423,
  "f1_macro": 0.9626596790042581,
  "accuracy": 0.9649122807017544,
  "brier": 0.0348399020899812,
  "ece": 0.055940513548279135
}