fit_time,score_time,test_roc_auc,test_average_precision,test_f1_macro,test_accuracy,test_brier
0.2618601322174072,0.06067204475402832,0.9932920536635707,0.988780798335328,0.952455590386625,0.9560439560439561,-0.04164761904761905
0.26552700996398926,0.05933499336242676,0.9801341589267285,0.9731664737948023,0.9645684620376379,0.967032967032967,-0.033320634920634924
0.2667539119720459,0.06271600723266602,0.9940660474716202,0.9923273657289002,0.9765221878224974,0.978021978021978,-0.023451037851037852
0.267153263092041,0.06147885322570801,0.9938080495356036,0.9903949280246858,0.9409474367293965,0.945054945054945,-0.03633211233211234
0.2533559799194336,0.05763721466064453,0.9527863777089783,0.9563428759190378,0.9409474367293965,0.945054945054945,-0.051177899877899884
