{
  "roc_auc": 0.9912367724867726,
  "average_precision": 0.9863030654926022,
  "f1_macro": 0.9526381387619444,
  "accuracy": 0.956140350877193,
  "brier": 0.04170565302144249,
  "ece": 0.05766081871345028
}