{
  "low": 0.9766247673276759,
  "high": 0.999355996021597
}