fit_time,score_time,test_roc_auc,test_average_precision,test_f1_macro,test_accuracy,test_brier
0.02289295196533203,0.007803916931152344,0.9672342621259031,0.9578733472181017,0.9277012711864407,0.9340659340659341,-0.06060473141783056
0.02458786964416504,0.007922172546386719,0.9845201238390093,0.9761046753658071,0.9286833855799372,0.9340659340659341,-0.052987765431469575
0.02104973793029785,0.007912158966064453,0.9380804953560372,0.9081569276224242,0.8741988186502451,0.8791208791208791,-0.08807815607279372
0.02315497398376465,0.008054971694946289,0.990454076367389,0.9841213495041663,0.9409474367293965,0.945054945054945,-0.04482828365396284
0.023990869522094727,0.007203102111816406,0.9961300309597523,0.99328536859895,0.954040404040404,0.9560439560439561,-0.040193788508187465
