{
  "roc_auc": 0.9811507936507936,
  "average_precision": 0.9788491966123545,
  "f1_macro": 0.9619111259605746,
  "accuracy": 0.9649122807017544,
  "brier": 0.0357979447383496,
  "ece": 0.08568793618661204
}