fit_time,score_time,test_roc_auc,test_average_precision,test_f1_macro,test_accuracy,test_brier
0.014829158782958984,0.008418083190917969,0.9819401444788441,0.9490513435530693,0.9277012711864407,0.9340659340659341,-0.04961678644840219
0.014142036437988281,0.007623195648193359,0.9989680082559339,0.998294611962432,0.9393090569561158,0.945054945054945,-0.03093747642667064
0.014820098876953125,0.007745981216430664,0.9442724458204335,0.9380068555136082,0.9401709401709402,0.945054945054945,-0.06011826358829434
0.014790058135986328,0.0075418949127197266,0.9989680082559339,0.998294611962432,0.9641025641025641,0.967032967032967,-0.02735241795813516
0.014887094497680664,0.0076029300689697266,0.9958720330237357,0.9924904510069182,0.9645684620376379,0.967032967032967,-0.03612081648146046
