mean_fit_time,std_fit_time,mean_score_time,std_score_time,param_clf__estimator__C,params,split0_test_score,split1_test_score,split2_test_score,split3_test_score,split4_test_score,mean_test_score,std_test_score,rank_test_score
0.014166164398193359,0.0005549103672657646,0.0033054351806640625,8.620076399594625e-05,0.1,{'clf__estimator__C': 0.1},0.9819401444788441,0.9989680082559339,0.9442724458204335,0.9989680082559339,0.9958720330237357,0.9840041279669762,0.02084010168436784,1
0.017301416397094725,0.002091736929606156,0.0035295486450195312,0.00017137656160952968,1.0,{'clf__estimator__C': 1.0},0.9824561403508771,0.9989680082559339,0.9432404540763674,0.9958720330237358,0.9927760577915377,0.9826625386996903,0.020478211359855465,2
0.01916365623474121,0.0011107515160616002,0.00345463752746582,0.00020546438960200678,10.0,{'clf__estimator__C': 10.0},0.978328173374613,0.9963880288957688,0.9411764705882353,0.9927760577915377,0.9891640866873065,0.9795665634674924,0.020124103620815927,3
