{
  "roc_auc": 0.9947089947089948,
  "average_precision": 0.9921710564567708,
  "f1_macro": 0.951575906889814,
  "accuracy": 0.956140350877193,
  "brier": 0.03608820625905064,
  "ece": 0.06120799856425878
}