{
  "roc_auc": 0.9953703703703705,
  "average_precision": 0.9930678931985553,
  "f1_macro": 0.951575906889814,
  "accuracy": 0.956140350877193,
  "brier": 0.030605782143279848,
  "ece": 0.06863078091998968
}