fit_time,score_time,test_roc_auc,test_average_precision,test_f1_macro,test_accuracy,test_brier
0.053198814392089844,0.021739959716796875,0.9840041279669762,0.963420716010677,0.9150326797385621,0.9230769230769231,-0.04885010441708546
0.06357502937316895,0.021411895751953125,0.9953560371517028,0.9926432735256265,0.952455590386625,0.9560439560439561,-0.03266862940033603
0.05093884468078613,0.020939111709594727,0.9478844169246646,0.9392133663545817,0.9401709401709402,0.945054945054945,-0.06270726318590655
0.053827762603759766,0.02162313461303711,0.998452012383901,0.9976152623211447,0.9881894873458793,0.989010989010989,-0.028064818552560288
0.05155205726623535,0.02155590057373047,0.9974200206398348,0.9955354621148097,0.9765221878224974,0.978021978021978,-0.03194362499181901
