fit_time,score_time,test_roc_auc,test_average_precision,test_f1_macro,test_accuracy,test_brier
0.32071495056152344,0.030990123748779297,0.9840041279669762,0.9616107612595458,0.952455590386625,0.9560439560439561,-0.04041262196979552
0.3255758285522461,0.0315401554107666,0.9969040247678018,0.9949552369967595,0.9530443756449949,0.9560439560439561,-0.026347523988127185
0.3186960220336914,0.0304410457611084,0.9468524251805985,0.9380470174620835,0.9286833855799372,0.9340659340659341,-0.05948909521889297
0.3264040946960449,0.029545068740844727,0.9989680082559339,0.9983660130718954,0.9765221878224974,0.978021978021978,-0.02069885318842776
0.328197717666626,0.030462026596069336,0.9974200206398348,0.9955354621148097,0.9883288444273439,0.989010989010989,-0.025234542266287522
