{
  "roc_auc": 0.9973544973544973,
  "average_precision": 0.996031746031746,
  "f1_macro": 0.9712773998488284,
  "accuracy": 0.9736842105263158,
  "brier": 0.02847752227789182,
  "ece": 0.07080539124080025
}