mean_fit_time,std_fit_time,mean_score_time,std_score_time,param_clf__estimator__C,param_clf__estimator__gamma,params,split0_test_score,split1_test_score,split2_test_score,split3_test_score,split4_test_score,mean_test_score,std_test_score,rank_test_score
0.018695783615112305,0.0020043550403789317,0.006062364578247071,0.000891170335051203,1.0,0.01,"{'clf__estimator__C': 1.0, 'clf__estimator__gamma': 0.01}",0.978328173374613,0.9969040247678018,0.9432404540763674,0.9979360165118679,0.9963880288957688,0.9825593395252838,0.020963407926678435,2
0.02687373161315918,0.005181965554650705,0.008562088012695312,0.0007948108217300894,1.0,0.1,"{'clf__estimator__C': 1.0, 'clf__estimator__gamma': 0.1}",0.9736842105263158,0.9938080495356036,0.958204334365325,0.9948400412796697,0.9907120743034056,0.982249742002064,0.014249709714916056,3
0.022069787979125975,0.004599008392767895,0.005675840377807617,0.0007631616626437527,10.0,0.01,"{'clf__estimator__C': 10.0, 'clf__estimator__gamma': 0.01}",0.9814241486068112,0.9974200206398349,0.9468524251805985,0.9989680082559339,0.9979360165118679,0.9845201238390093,0.01991770801405448,1
0.027176809310913087,0.0018094122230654572,0.008364009857177734,0.00032085473465682835,10.0,0.1,"{'clf__estimator__C': 10.0, 'clf__estimator__gamma': 0.1}",0.9700722394220846,0.9845201238390093,0.9509803921568627,0.9917440660474717,0.9819401444788441,0.9758513931888546,0.014260169315548948,4
