fit_time,score_time,test_roc_auc,test_average_precision,test_f1_macro,test_accuracy,test_brier
0.14279603958129883,0.03333401679992676,0.9814241486068112,0.9354687828342857,0.9401709401709402,0.945054945054945,-0.044586105378099046
0.13082194328308105,0.023083209991455078,0.9974200206398349,0.99579407520584,0.9530443756449949,0.9560439560439561,-0.026958251127057492
0.0328981876373291,0.028108596801757812,0.9468524251805985,0.9453519442942615,0.9401709401709402,0.945054945054945,-0.05981278031813087
0.030969858169555664,0.01577305793762207,0.9989680082559339,0.998294611962432,0.9765221878224974,0.978021978021978,-0.02526159950171951
0.038513898849487305,0.01149606704711914,0.9979360165118679,0.9966096955716333,0.9765221878224974,0.978021978021978,-0.029786904612398194
