fit_time,score_time,test_roc_auc,test_average_precision,test_f1_macro,test_accuracy,test_brier
0.26947808265686035,0.059288978576660156,0.9969040247678018,0.9949552369967596,0.9653597259231061,0.967032967032967,-0.027446560839739603
0.26929187774658203,0.05963492393493652,0.9757481940144479,0.9718297653143623,0.9409474367293965,0.945054945054945,-0.044830921004013
0.26415514945983887,0.058357954025268555,0.9860681114551084,0.9798711103669805,0.9401709401709402,0.945054945054945,-0.0452395707281776
0.27310705184936523,0.058979034423828125,0.9690402476780184,0.9604578865479942,0.8923076923076924,0.9010989010989011,-0.06269960526933138
0.26795005798339844,0.058432817459106445,0.9974200206398348,0.9958589448208826,0.9645684620376379,0.967032967032967,-0.031172037291658277
