{
  "roc_auc": 0.9884259259259259,
  "average_precision": 0.9804375636616043,
  "f1_macro": 0.9521289997480473,
  "accuracy": 0.956140350877193,
  "brier": 0.0390535687530511,
  "ece": 0.060077607167430665
}