fit_time,score_time,test_roc_auc,test_average_precision,test_f1_macro,test_accuracy,test_brier
0.26272106170654297,0.058035850524902344,1.0,1.0,1.0,1.0,-0.02051800476536808
0.26017212867736816,0.05964207649230957,0.9984520123839009,0.997403346365284,0.9641025641025641,0.967032967032967,-0.022728196904981048
0.2640519142150879,0.0645151138305664,0.998968008255934,0.998294611962432,0.9765221878224974,0.978021978021978,-0.015745015765551252
0.2598268985748291,0.0596311092376709,0.978328173374613,0.9638770312658296,0.8907563025210083,0.9010989010989011,-0.06212176860142167
0.2569081783294678,0.060800790786743164,0.9654282765737874,0.9561863777640325,0.918301910991407,0.9230769230769231,-0.06134144819680494
