{
  "roc_auc": 0.9771825396825397,
  "average_precision": 0.9748332566813315,
  "f1_macro": 0.9253193580085162,
  "accuracy": 0.9298245614035088,
  "brier": 0.05817464020248448,
  "ece": 0.0803549370062632
}