{
  "low": 0.9431349931349932,
  "high": 0.9987376893939395
}