mean_fit_time,std_fit_time,mean_score_time,std_score_time,param_clf__estimator__C,params,split0_test_score,split1_test_score,split2_test_score,split3_test_score,split4_test_score,mean_test_score,std_test_score,rank_test_score
0.014862823486328124,0.0004013958835636609,0.003502559661865234,0.00024718345115267007,0.1,{'clf__estimator__C': 0.1},1.0,1.0,0.9979360165118679,0.9742002063983488,0.9540763673890609,0.9852425180598555,0.018384520901253545,1
0.01895031929016113,0.0028182858710859974,0.00356597900390625,0.00018493859778553366,1.0,{'clf__estimator__C': 1.0},0.9938080495356038,1.0,0.9958720330237358,0.9731682146542828,0.957172342621259,0.9840041279669764,0.016310693993915656,2
0.020909643173217772,0.0024598025232774727,0.0035852909088134764,0.00010801318423098788,10.0,{'clf__estimator__C': 10.0},0.9907120743034056,0.9979360165118679,0.9917440660474717,0.9690402476780186,0.95562435500516,0.9810113519091848,0.016022149593457474,3
