fit_time,score_time,test_roc_auc,test_average_precision,test_f1_macro,test_accuracy,test_brier
0.05288100242614746,0.021589994430541992,1.0,1.0,0.9881894873458793,0.989010989010989,-0.024821129150732965
0.05473184585571289,0.021420001983642578,0.9994840041279669,0.9991596638655462,0.9765221878224974,0.978021978021978,-0.02050665198846371
0.05369901657104492,0.021327972412109375,0.9984520123839009,0.997403346365284,0.9765221878224974,0.978021978021978,-0.024245821205638927
0.051074981689453125,0.02078700065612793,0.9716202270381837,0.9141808047991067,0.8907563025210083,0.9010989010989011,-0.06583026841801784
0.05384492874145508,0.021543264389038086,0.958720330237358,0.9467523114502087,0.9530443756449949,0.9560439560439561,-0.05525592281559487
