{
  "roc_auc": 0.9854497354497355,
  "average_precision": 0.9821343232633556,
  "f1_macro": 0.9349474199070678,
  "accuracy": 0.9385964912280702,
  "brier": 0.04563283604838378,
  "ece": 0.08597986437870295
}