fit_time,score_time,test_roc_auc,test_average_precision,test_f1_macro,test_accuracy,test_brier
0.36607885360717773,0.03154897689819336,1.0,1.0,0.9883288444273439,0.989010989010989,-0.017627344445675527
0.3595752716064453,0.03040790557861328,0.9989680082559339,0.998294611962432,0.9883288444273439,0.989010989010989,-0.01394983195725551
0.35524988174438477,0.03417229652404785,0.9984520123839009,0.997403346365284,0.9765221878224974,0.978021978021978,-0.016630463139994663
0.3343620300292969,0.03804302215576172,0.9731682146542828,0.916148571377879,0.8923076923076924,0.9010989010989011,-0.05974238919274545
0.33896398544311523,0.04022574424743652,0.958204334365325,0.948223887984048,0.9416442221367193,0.945054945054945,-0.05072065469169562
