fit_time,score_time,test_roc_auc,test_average_precision,test_f1_macro,test_accuracy,test_brier
0.25200891494750977,0.04670000076293945,1.0,1.0,1.0,1.0,-0.020518004765368077
0.25464296340942383,0.05721020698547363,0.9984520123839009,0.997403346365284,0.9641025641025641,0.967032967032967,-0.022728196904981048
0.2520871162414551,0.06085395812988281,0.998968008255934,0.998294611962432,0.9765221878224974,0.978021978021978,-0.015745015765551255
0.25661373138427734,0.060256004333496094,0.978328173374613,0.9638770312658296,0.8907563025210083,0.9010989010989011,-0.06212176860142167
0.255321741104126,0.05725526809692383,0.9654282765737874,0.9561863777640325,0.918301910991407,0.9230769230769231,-0.06134144819680494
