fit_time,score_time,test_roc_auc,test_average_precision,test_f1_macro,test_accuracy,test_brier
0.26688385009765625,0.058754920959472656,0.9969040247678018,0.9949552369967596,0.9653597259231061,0.967032967032967,-0.027446560839739613
0.25395679473876953,0.058773040771484375,0.9757481940144479,0.9718297653143623,0.9409474367293965,0.945054945054945,-0.044830921004012994
0.26252198219299316,0.06108593940734863,0.9860681114551084,0.9798711103669805,0.9401709401709402,0.945054945054945,-0.0452395707281776
0.2570502758026123,0.05723381042480469,0.9690402476780184,0.9604578865479942,0.8923076923076924,0.9010989010989011,-0.06269960526933138
0.2656841278076172,0.05664372444152832,0.9974200206398348,0.9958589448208826,0.9645684620376379,0.967032967032967,-0.031172037291658287
