class,count,pct
0,357,62.741652021089635
1,212,37.258347978910365
