{
  "seed": 42,
  "rf_cv_roc_auc": [
    1.0,
    0.9984520123839009,
    0.998968008255934,
    0.978328173374613,
    0.9654282765737874
  ],
  "soft_cv_roc_auc": [
    1.0,
    0.9994840041279669,
    0.9984520123839009,
    0.9716202270381837,
    0.958720330237358
  ],
  "stacking_cv_roc_auc": [
    1.0,
    0.9989680082559339,
    0.9984520123839009,
    0.9731682146542828,
    0.958204334365325
  ]
}