{
  "seed": 7,
  "rf_cv_roc_auc": [
    0.9932920536635707,
    0.9801341589267285,
    0.9940660474716202,
    0.9938080495356036,
    0.9527863777089783
  ],
  "soft_cv_roc_auc": [
    0.9927760577915378,
    0.9752321981424149,
    0.9958720330237358,
    0.998452012383901,
    0.9736842105263158
  ],
  "stacking_cv_roc_auc": [
    0.9901960784313726,
    0.9752321981424149,
    0.9958720330237358,
    0.9979360165118679,
    0.9752321981424149
  ]
}