{
  "seed": 1337,
  "rf_cv_roc_auc": [
    0.9969040247678018,
    0.9757481940144479,
    0.9860681114551084,
    0.9690402476780184,
    0.9974200206398348
  ],
  "soft_cv_roc_auc": [
    0.9953560371517027,
    0.9674922600619196,
    0.9938080495356038,
    0.9767801857585139,
    1.0
  ],
  "stacking_cv_roc_auc": [
    0.9953560371517027,
    0.9674922600619195,
    0.9953560371517027,
    0.9767801857585139,
    1.0
  ]
}