{
  "seed": 99,
  "rf_cv_roc_auc": [
    0.9659442724458206,
    0.9917440660474717,
    0.9589783281733746,
    0.999484004127967,
    0.9922600619195047
  ],
  "soft_cv_roc_auc": [
    0.9840041279669762,
    0.9953560371517028,
    0.9478844169246646,
    0.998452012383901,
    0.9974200206398348
  ],
  "stacking_cv_roc_auc": [
    0.9840041279669762,
    0.9969040247678018,
    0.9468524251805985,
    0.9989680082559339,
    0.9974200206398348
  ]
}