{
  "seed": 1337,
  "rf_cv_roc_auc": [
    0.9969040247678018,
    0.9757481940144479,
    0.9860681114551084,
    0.9690402476780184,
    0.9974200206398348
  ],
  "lr_cv_roc_auc": [
    0.9927760577915377,
    0.9649122807017544,
    0.9948400412796697,
    0.9803921568627451,
    1.0
  ],
  "svc_cv_roc_auc": [
    0.9963880288957688,
    0.9654282765737874,
    0.9963880288957688,
    0.9824561403508771,
    1.0
  ],
  "dt_cv_roc_auc": [
    0.9943240454076367,
    0.9742002063983488,
    0.9703302373581011,
    0.9267285861713105,
    0.9920020639834881
  ],
  "soft_cv_roc_auc": [
    0.9953560371517027,
    0.9674922600619196,
    0.9938080495356038,
    0.9767801857585139,
    1.0
  ],
  "stacking_cv_roc_auc": [
    0.9953560371517027,
    0.9674922600619195,
    0.9953560371517027,
    0.9767801857585139,
    1.0
  ]
}