{
  "seed": 2020,
  "rf_cv_roc_auc": [
    0.9855521155830753,
    0.9834881320949432,
    0.9907120743034056,
    0.9708462332301341,
    0.9801341589267286
  ],
  "soft_cv_roc_auc": [
    0.9850361197110423,
    0.9752321981424149,
    0.9896800825593395,
    0.978328173374613,
    0.9896800825593395
  ],
  "stacking_cv_roc_auc": [
    0.9876160990712074,
    0.9752321981424148,
    0.9922600619195048,
    0.978328173374613,
    0.9896800825593396
  ]
}