{
  "seed": 7,
  "rf_cv_roc_auc": [
    0.9932920536635707,
    0.9801341589267285,
    0.9940660474716202,
    0.9938080495356036,
    0.9527863777089783
  ],
  "lr_cv_roc_auc": [
    0.9803921568627452,
    0.9747162022703817,
    0.9948400412796697,
    0.9974200206398349,
    0.9752321981424148
  ],
  "svc_cv_roc_auc": [
    0.9757481940144479,
    0.9762641898864809,
    0.9989680082559339,
    0.9948400412796697,
    0.9798761609907121
  ],
  "dt_cv_roc_auc": [
    0.9881320949432404,
    0.9713622291021672,
    0.9824561403508772,
    0.9927760577915377,
    0.9525283797729619
  ],
  "soft_cv_roc_auc": [
    0.9927760577915378,
    0.9752321981424149,
    0.9958720330237358,
    0.998452012383901,
    0.9736842105263158
  ],
  "stacking_cv_roc_auc": [
    0.9901960784313726,
    0.9752321981424149,
    0.9958720330237358,
    0.9979360165118679,
    0.9752321981424149
  ]
}