{
  "seed": 2020,
  "rf_cv_roc_auc": [
    0.9855521155830753,
    0.9834881320949432,
    0.9907120743034056,
    0.9708462332301341,
    0.9801341589267286
  ],
  "lr_cv_roc_auc": [
    0.9876160990712075,
    0.9721362229102166,
    0.9943240454076367,
    0.97781217750258,
    0.9896800825593395
  ],
  "svc_cv_roc_auc": [
    0.9876160990712075,
    0.9731682146542828,
    0.9927760577915377,
    0.9803921568627451,
    0.9891640866873066
  ],
  "dt_cv_roc_auc": [
    0.9651702786377709,
    0.9760061919504645,
    0.965686274509804,
    0.9816821465428278,
    0.977296181630547
  ],
  "soft_cv_roc_auc": [
    0.9850361197110423,
    0.9752321981424149,
    0.9896800825593395,
    0.978328173374613,
    0.9896800825593395
  ],
  "stacking_cv_roc_auc": [
    0.9876160990712074,
    0.9752321981424148,
    0.9922600619195048,
    0.978328173374613,
    0.9896800825593396
  ]
}