{
  "seed": 99,
  "rf_cv_roc_auc": [
    0.9659442724458206,
    0.9917440660474717,
    0.9589783281733746,
    0.999484004127967,
    0.9922600619195047
  ],
  "lr_cv_roc_auc": [
    0.9819401444788441,
    0.9989680082559339,
    0.9442724458204335,
    0.9989680082559339,
    0.9958720330237357
  ],
  "svc_cv_roc_auc": [
    0.9814241486068112,
    0.9974200206398349,
    0.9468524251805985,
    0.9989680082559339,
    0.9979360165118679
  ],
  "dt_cv_roc_auc": [
    0.9672342621259031,
    0.9845201238390093,
    0.9380804953560372,
    0.990454076367389,
    0.9961300309597523
  ],
  "soft_cv_roc_auc": [
    0.9840041279669762,
    0.9953560371517028,
    0.9478844169246646,
    0.998452012383901,
    0.9974200206398348
  ],
  "stacking_cv_roc_auc": [
    0.9840041279669762,
    0.9969040247678018,
    0.9468524251805985,
    0.9989680082559339,
    0.9974200206398348
  ]
}