{
  "seed": 42,
  "rf_cv_roc_auc": [
    1.0,
    0.9984520123839009,
    0.998968008255934,
    0.978328173374613,
    0.9654282765737874
  ],
  "lr_cv_roc_auc": [
    1.0,
    1.0,
    0.9979360165118679,
    0.9742002063983488,
    0.9540763673890609
  ],
  "svc_cv_roc_auc": [
    1.0,
    0.9994840041279669,
    0.9974200206398348,
    0.9752321981424148,
    0.958204334365325
  ],
  "dt_cv_roc_auc": [
    0.999484004127967,
    0.9961300309597524,
    0.9891640866873066,
    0.9282765737874097,
    0.9538183694530444
  ],
  "soft_cv_roc_auc": [
    1.0,
    0.9994840041279669,
    0.9984520123839009,
    0.9716202270381837,
    0.958720330237358
  ],
  "stacking_cv_roc_auc": [
    1.0,
    0.9989680082559339,
    0.9984520123839009,
    0.9731682146542828,
    0.958204334365325
  ]
}