fit_time,score_time,test_roc_auc,test_average_precision,test_f1_macro,test_accuracy,test_brier
0.024044036865234375,0.00740504264831543,0.9943240454076367,0.9920877317473439,0.931060606060606,0.9340659340659341,-0.04565955023297273
0.02356719970703125,0.007942914962768555,0.9742002063983488,0.9674998809293113,0.9422662098718437,0.945054945054945,-0.05110177090129714
0.02408599853515625,0.008289098739624023,0.9703302373581011,0.9654921795091174,0.9286833855799372,0.9340659340659341,-0.05597247561565893
0.022953033447265625,0.007918119430541992,0.9267285861713105,0.9127708340943634,0.8811389759665622,0.8901098901098901,-0.0918704423084581
0.025771141052246094,0.008029937744140625,0.9920020639834881,0.9859036868645537,0.9162393162393163,0.9230769230769231,-0.046694166573790656
