{
  "low": 0.9318727453102454,
  "high": 0.9990261700859527
}