{
  "roc_auc": 0.9717261904761905,
  "average_precision": 0.9461645353469722,
  "f1_macro": 0.9434523809523809,
  "accuracy": 0.9473684210526315,
  "brier": 0.044394255215988755,
  "ece": 0.0780482273600517
}