fit_time,score_time,test_roc_auc,test_average_precision,test_f1_macro,test_accuracy,test_brier
0.015228748321533203,0.008160114288330078,0.9927760577915377,0.9891406111994347,0.952455590386625,0.9560439560439561,-0.03657608166301858
0.016232967376708984,0.007430076599121094,0.9649122807017544,0.9412503645884075,0.952455590386625,0.9560439560439561,-0.0472216701432212
0.015045881271362305,0.008352994918823242,0.9948400412796697,0.9924085850556439,0.9518008474576272,0.9560439560439561,-0.03794909231851822
0.014660120010375977,0.008035898208618164,0.9803921568627451,0.976585179526356,0.9136973309849614,0.9230769230769231,-0.05750879086064992
0.014540910720825195,0.007823944091796875,1.0,1.0,0.9762277951933125,0.978021978021978,-0.02472768831468762
