mean_fit_time,std_fit_time,mean_score_time,std_score_time,param_clf__estimator__C,params,split0_test_score,split1_test_score,split2_test_score,split3_test_score,split4_test_score,mean_test_score,std_test_score,rank_test_score
0.014459800720214844,0.0004796134094581883,0.003360462188720703,0.00011484594990476679,0.1,{'clf__estimator__C': 0.1},0.9948400412796699,0.9633642930856553,0.9953560371517027,0.9767801857585139,1.0,0.9860681114551083,0.013849467623835559,2
0.015688467025756835,0.0008331878752401725,0.003477144241333008,0.00025860877191104606,1.0,{'clf__estimator__C': 1.0},0.9927760577915377,0.9649122807017544,0.9948400412796697,0.9803921568627451,1.0,0.9865841073271415,0.012605516189558283,1
0.01897282600402832,0.0017100151340366122,0.0034827232360839845,0.0001517979170102763,10.0,{'clf__estimator__C': 10.0},0.9886480908152735,0.9638802889576883,0.9932920536635708,0.9824561403508771,0.998452012383901,0.9853457172342621,0.01195775206405866,3
