{
  "low": 0.9669312169312169,
  "high": 0.9996861232085886
}