{
  "roc_auc": 0.9884259259259259,
  "average_precision": 0.9753821678818417,
  "f1_macro": 0.9526381387619444,
  "accuracy": 0.956140350877193,
  "brier": 0.04264133590689735,
  "ece": 0.07991149779078363
}