fit_time,score_time,test_roc_auc,test_average_precision,test_f1_macro,test_accuracy,test_brier
0.05643892288208008,0.021995067596435547,0.9953560371517027,0.9928184848600073,0.9649865332820315,0.967032967032967,-0.03450788747631452
0.06077098846435547,0.021625280380249023,0.9674922600619196,0.9474714847500271,0.952455590386625,0.9560439560439561,-0.04316073465889167
0.052704811096191406,0.02099013328552246,0.9938080495356038,0.9903949280246859,0.9518008474576272,0.9560439560439561,-0.037977818671078314
0.06497883796691895,0.020838022232055664,0.9767801857585139,0.9718487394957983,0.9266129032258064,0.9340659340659341,-0.05748890316239879
0.06307411193847656,0.021628141403198242,1.0,1.0,0.9762277951933125,0.978021978021978,-0.026322531651939752
