fit_time,score_time,test_roc_auc,test_average_precision,test_f1_macro,test_accuracy,test_brier
0.33753418922424316,0.0312800407409668,0.9953560371517027,0.9928184848600073,0.9422662098718437,0.945054945054945,-0.03842916203083977
0.3323791027069092,0.031045913696289062,0.9674922600619195,0.944737347616913,0.9530443756449949,0.9560439560439561,-0.04180064022731515
0.32907581329345703,0.030137062072753906,0.9953560371517027,0.992738205422029,0.9649865332820315,0.967032967032967,-0.029695624828713716
0.3263411521911621,0.02955913543701172,0.9767801857585139,0.971961861667744,0.9518008474576272,0.9560439560439561,-0.04794118044695216
0.33707213401794434,0.03205585479736328,1.0,1.0,1.0,1.0,-0.013889755393277308
