{
  "roc_auc": 0.9917328042328042,
  "average_precision": 0.9833693635001838,
  "f1_macro": 0.9715828832571666,
  "accuracy": 0.9736842105263158,
  "brier": 0.031079213245468855,
  "ece": 0.06285015829874319
}