mean_fit_time,std_fit_time,mean_score_time,std_score_time,param_clf__estimator__C,param_clf__estimator__gamma,params,split0_test_score,split1_test_score,split2_test_score,split3_test_score,split4_test_score,mean_test_score,std_test_score,rank_test_score
0.016867828369140626,0.0006082950419642597,0.007062768936157227,0.0020575050600527955,1.0,0.01,"{'clf__estimator__C': 1.0, 'clf__estimator__gamma': 0.01}",0.9953560371517028,0.959236326109391,0.9963880288957687,0.9767801857585139,1.0,0.9855521155830754,0.015438541304405183,2
0.022676753997802734,0.002501564089249231,0.011654233932495118,0.004409895324563885,1.0,0.1,"{'clf__estimator__C': 1.0, 'clf__estimator__gamma': 0.1}",0.9829721362229102,0.9700722394220846,0.9772961816305469,0.959236326109391,0.9963880288957688,0.9771929824561404,0.0124499442943442,3
0.021543359756469725,0.0035309422025479008,0.004847860336303711,0.0002791669847326631,10.0,0.01,"{'clf__estimator__C': 10.0, 'clf__estimator__gamma': 0.01}",0.9963880288957688,0.9654282765737874,0.9963880288957688,0.9824561403508771,1.0,0.9881320949432404,0.012844048352298939,1
0.02668795585632324,0.0028260616123439927,0.008208608627319336,0.000402516816095728,10.0,0.1,"{'clf__estimator__C': 10.0, 'clf__estimator__gamma': 0.1}",0.9757481940144479,0.9721362229102166,0.9788441692466461,0.9638802889576883,0.9922600619195046,0.9765737874097006,0.009302820301124401,4
