fit_time,score_time,test_roc_auc,test_average_precision,test_f1_macro,test_accuracy,test_brier
0.01635289192199707,0.012042999267578125,0.9963880288957688,0.9940361193497007,0.9409474367293965,0.945054945054945,-0.03265342278782621
0.016722917556762695,0.010692119598388672,0.9654282765737874,0.9226593778468389,0.9530443756449949,0.9560439560439561,-0.0421998054058078
0.017691850662231445,0.011183023452758789,0.9963880288957688,0.994453044375645,0.9641025641025641,0.967032967032967,-0.03429265595272156
0.017265796661376953,0.010890960693359375,0.9824561403508771,0.978914118839025,0.9518008474576272,0.9560439560439561,-0.04611267873743406
0.01660013198852539,0.010154008865356445,1.0,1.0,0.9762277951933125,0.978021978021978,-0.020795250558498814
