fit_time,score_time,test_roc_auc,test_average_precision,test_f1_macro,test_accuracy,test_brier
0.05692720413208008,0.020009994506835938,0.9840041279669762,0.963420716010677,0.9150326797385621,0.9230769230769231,-0.04885010441708546
0.05145096778869629,0.021948814392089844,0.9953560371517028,0.9926432735256265,0.952455590386625,0.9560439560439561,-0.03266862940033603
0.05447888374328613,0.020628929138183594,0.9478844169246646,0.9392133663545817,0.9401709401709402,0.945054945054945,-0.06270726318590655
0.05652618408203125,0.022051095962524414,0.998452012383901,0.9976152623211447,0.9881894873458793,0.989010989010989,-0.028064818552560288
0.05451607704162598,0.021284818649291992,0.9974200206398348,0.9955354621148097,0.9765221878224974,0.978021978021978,-0.03194362499181901
