fit_time,score_time,test_roc_auc,test_average_precision,test_f1_macro,test_accuracy,test_brier
0.318112850189209,0.030292272567749023,0.9840041279669762,0.9616107612595458,0.952455590386625,0.9560439560439561,-0.04041262196979552
0.32631397247314453,0.031388044357299805,0.9969040247678018,0.9949552369967595,0.9530443756449949,0.9560439560439561,-0.026347523988127185
0.31699490547180176,0.02962207794189453,0.9468524251805985,0.9380470174620835,0.9286833855799372,0.9340659340659341,-0.05948909521889297
0.33008694648742676,0.03134012222290039,0.9989680082559339,0.9983660130718954,0.9765221878224974,0.978021978021978,-0.02069885318842776
0.327258825302124,0.029801130294799805,0.9974200206398348,0.9955354621148097,0.9883288444273439,0.989010989010989,-0.025234542266287522
