{
  "roc_auc": 0.996031746031746,
  "average_precision": 0.994273631904294,
  "f1_macro": 0.9715828832571666,
  "accuracy": 0.9736842105263158,
  "brier": 0.022993881002421626,
  "ece": 0.04847360510206324
}