mean_fit_time,std_fit_time,mean_score_time,std_score_time,param_clf__estimator__C,param_clf__estimator__gamma,params,split0_test_score,split1_test_score,split2_test_score,split3_test_score,split4_test_score,mean_test_score,std_test_score,rank_test_score
0.01689596176147461,0.00018116150034238465,0.006053781509399414,0.0004128396414265404,1.0,0.01,"{'clf__estimator__C': 1.0, 'clf__estimator__gamma': 0.01}",0.978328173374613,0.9969040247678018,0.9432404540763674,0.9979360165118679,0.9963880288957688,0.9825593395252838,0.020963407926678435,2
0.02433485984802246,0.00459253134414485,0.008154630661010742,0.0004380340437640438,1.0,0.1,"{'clf__estimator__C': 1.0, 'clf__estimator__gamma': 0.1}",0.9736842105263158,0.9938080495356036,0.958204334365325,0.9948400412796697,0.9907120743034056,0.982249742002064,0.014249709714916056,3
0.017560768127441406,0.0009513382242230652,0.0058514118194580075,0.0017281848066640585,10.0,0.01,"{'clf__estimator__C': 10.0, 'clf__estimator__gamma': 0.01}",0.9814241486068112,0.9974200206398349,0.9468524251805985,0.9989680082559339,0.9979360165118679,0.9845201238390093,0.01991770801405448,1
0.02917470932006836,0.004670052169161745,0.00825815200805664,0.00042617176362439065,10.0,0.1,"{'clf__estimator__C': 10.0, 'clf__estimator__gamma': 0.1}",0.9700722394220846,0.9845201238390093,0.9509803921568627,0.9917440660474717,0.9819401444788441,0.9758513931888546,0.014260169315548948,4
