mean_fit_time,std_fit_time,mean_score_time,std_score_time,param_clf__estimator__C,params,split0_test_score,split1_test_score,split2_test_score,split3_test_score,split4_test_score,mean_test_score,std_test_score,rank_test_score
0.014821147918701172,0.0008131586364770679,0.004196882247924805,0.0010774430984006578,0.1,{'clf__estimator__C': 0.1},0.9876160990712075,0.9721362229102166,0.9943240454076367,0.97781217750258,0.9896800825593395,0.9843137254901961,0.008129842060363759,1
0.016646671295166015,0.001308408504264811,0.0034395694732666016,0.00025208101788301015,1.0,{'clf__estimator__C': 1.0},0.9819401444788441,0.9711042311661506,0.9938080495356036,0.9809081527347782,0.9912280701754386,0.983797729618163,0.008103599764458432,2
0.017502498626708985,0.0006957081166529298,0.0035805702209472656,0.00024062201826582314,10.0,{'clf__estimator__C': 10.0},0.9814241486068112,0.9654282765737873,0.9922600619195047,0.9803921568627451,0.9907120743034056,0.9820433436532507,0.00957808433450747,3
