fit_time,score_time,test_roc_auc,test_average_precision,test_f1_macro,test_accuracy,test_brier
0.05520200729370117,0.024064064025878906,0.9850361197110423,0.9799063700849028,0.9401709401709402,0.945054945054945,-0.04708990542569118
0.05478715896606445,0.02338886260986328,0.9752321981424149,0.966012336919772,0.9765221878224974,0.978021978021978,-0.04098437322044831
0.05515599250793457,0.02282118797302246,0.9896800825593395,0.9859012156461174,0.9401709401709402,0.945054945054945,-0.04218457142958473
0.063385009765625,0.022504091262817383,0.978328173374613,0.9837461300309598,0.9762277951933125,0.978021978021978,-0.027566558443596206
0.05674290657043457,0.02335977554321289,0.9896800825593395,0.986184478754344,0.9645684620376379,0.967032967032967,-0.041166332577108465
