{
  "roc_auc": 0.9923941798941799,
  "average_precision": 0.9847115846427082,
  "f1_macro": 0.9626596790042581,
  "accuracy": 0.9649122807017544,
  "brier": 0.02982971881408014,
  "ece": 0.06169368221638522
}