fit_time,score_time,test_roc_auc,test_average_precision,test_f1_macro,test_accuracy,test_brier
0.3354511260986328,0.03255581855773926,0.9876160990712074,0.9829443569480457,0.9191726938205811,0.9230769230769231,-0.04480990231536016
0.32877302169799805,0.03332686424255371,0.9752321981424148,0.9612276303791497,0.9765221878224974,0.978021978021978,-0.03211830866523624
0.33792996406555176,0.0326383113861084,0.9922600619195048,0.9893194020032255,0.9530443756449949,0.9560439560439561,-0.03332697347609462
0.3425788879394531,0.03254294395446777,0.978328173374613,0.9837461300309598,0.9765221878224974,0.978021978021978,-0.023325765822505864
0.3344860076904297,0.03352022171020508,0.9896800825593396,0.9855264207908895,0.9530443756449949,0.9560439560439561,-0.04094534667450061
