mean_fit_time,std_fit_time,mean_score_time,std_score_time,param_clf__estimator__C,param_clf__estimator__gamma,params,split0_test_score,split1_test_score,split2_test_score,split3_test_score,split4_test_score,mean_test_score,std_test_score,rank_test_score
0.019149637222290038,0.002937411237105731,0.005967330932617187,7.950698755549464e-05,1.0,0.01,"{'clf__estimator__C': 1.0, 'clf__estimator__gamma': 0.01}",0.9876160990712075,0.9731682146542828,0.9927760577915377,0.9803921568627451,0.9891640866873066,0.984623323013416,0.007002351064473634,1
0.02501397132873535,0.0027954242350463755,0.008507442474365235,0.0010680706512989975,1.0,0.1,"{'clf__estimator__C': 1.0, 'clf__estimator__gamma': 0.1}",0.9845201238390092,0.977296181630547,0.9850361197110423,0.97781217750258,0.9669762641898865,0.978328173374613,0.006535042393802908,3
0.020684814453125,0.0029901206100278054,0.005848312377929687,0.001468860172685838,10.0,0.01,"{'clf__estimator__C': 10.0, 'clf__estimator__gamma': 0.01}",0.9886480908152735,0.9711042311661506,0.9860681114551084,0.9824561403508771,0.9922600619195047,0.9841073271413828,0.0072489615392511905,2
0.025547170639038087,0.0030728286473065834,0.007677841186523438,0.0005016081091438695,10.0,0.1,"{'clf__estimator__C': 10.0, 'clf__estimator__gamma': 0.1}",0.9705882352941175,0.978328173374613,0.9850361197110424,0.9752321981424149,0.956656346749226,0.9731682146542827,0.009497688639705763,4
