mean_fit_time,std_fit_time,mean_score_time,std_score_time,param_clf__estimator__C,params,split0_test_score,split1_test_score,split2_test_score,split3_test_score,split4_test_score,mean_test_score,std_test_score,rank_test_score
0.01413431167602539,0.0003291553609892675,0.0032692909240722655,8.979143764690027e-05,0.1,{'clf__estimator__C': 0.1},0.9948400412796699,0.9633642930856553,0.9953560371517027,0.9767801857585139,1.0,0.9860681114551083,0.013849467623835559,2
0.01619100570678711,0.0005809401052122741,0.0033843517303466797,7.632195435420317e-05,1.0,{'clf__estimator__C': 1.0},0.9927760577915377,0.9649122807017544,0.9948400412796697,0.9803921568627451,1.0,0.9865841073271415,0.012605516189558283,1
0.018788576126098633,0.0014759636462622866,0.0036202430725097655,0.0002501927626889428,10.0,{'clf__estimator__C': 10.0},0.9886480908152735,0.9638802889576883,0.9932920536635708,0.9824561403508771,0.998452012383901,0.9853457172342621,0.01195775206405866,3
