{
  "roc_auc": 0.9884259259259259,
  "average_precision": 0.9761613006731695,
  "f1_macro": 0.9715828832571666,
  "accuracy": 0.9736842105263158,
  "brier": 0.034783144371563754,
  "ece": 0.0864914008766145
}