fit_time,score_time,test_roc_auc,test_average_precision,test_f1_macro,test_accuracy,test_brier
0.05741429328918457,0.021406888961791992,0.9953560371517027,0.9928184848600073,0.9649865332820315,0.967032967032967,-0.03450788747631452
0.056017160415649414,0.021505117416381836,0.9674922600619196,0.9474714847500271,0.952455590386625,0.9560439560439561,-0.04316073465889167
0.05513501167297363,0.021409034729003906,0.9938080495356038,0.9903949280246859,0.9518008474576272,0.9560439560439561,-0.037977818671078314
0.056864023208618164,0.02127695083618164,0.9767801857585139,0.9718487394957983,0.9266129032258064,0.9340659340659341,-0.05748890316239879
0.053565025329589844,0.021128177642822266,1.0,1.0,0.9762277951933125,0.978021978021978,-0.026322531651939752
