fit_time,score_time,test_roc_auc,test_average_precision,test_f1_macro,test_accuracy,test_brier
0.33060312271118164,0.030002832412719727,0.9953560371517027,0.9928184848600073,0.9422662098718437,0.945054945054945,-0.03842916203083977
0.32933974266052246,0.030265092849731445,0.9674922600619195,0.944737347616913,0.9530443756449949,0.9560439560439561,-0.04180064022731515
0.3310368061065674,0.02976512908935547,0.9953560371517027,0.992738205422029,0.9649865332820315,0.967032967032967,-0.029695624828713716
0.3251681327819824,0.029581785202026367,0.9767801857585139,0.971961861667744,0.9518008474576272,0.9560439560439561,-0.04794118044695216
0.3329758644104004,0.030659914016723633,1.0,1.0,1.0,1.0,-0.013889755393277308
