{
  "roc_auc": 0.9910714285714286,
  "average_precision": 0.981457459540757,
  "f1_macro": 0.9811507936507937,
  "accuracy": 0.9824561403508771,
  "brier": 0.02536716412664825,
  "ece": 0.05375149856884781
}