mean_fit_time,std_fit_time,mean_score_time,std_score_time,param_clf__estimator__C,param_clf__estimator__gamma,params,split0_test_score,split1_test_score,split2_test_score,split3_test_score,split4_test_score,mean_test_score,std_test_score,rank_test_score
0.017229413986206053,0.0008437018831536323,0.005984687805175781,0.0005934818139120302,1.0,0.01,"{'clf__estimator__C': 1.0, 'clf__estimator__gamma': 0.01}",0.9953560371517028,0.959236326109391,0.9963880288957687,0.9767801857585139,1.0,0.9855521155830754,0.015438541304405183,2
0.023774194717407226,0.0021228676878771043,0.008594942092895509,0.0010986895637623124,1.0,0.1,"{'clf__estimator__C': 1.0, 'clf__estimator__gamma': 0.1}",0.9829721362229102,0.9700722394220846,0.9772961816305469,0.959236326109391,0.9963880288957688,0.9771929824561404,0.0124499442943442,3
0.024045133590698244,0.004039772811976357,0.005982828140258789,0.0018770050715878532,10.0,0.01,"{'clf__estimator__C': 10.0, 'clf__estimator__gamma': 0.01}",0.9963880288957688,0.9654282765737874,0.9963880288957688,0.9824561403508771,1.0,0.9881320949432404,0.012844048352298939,1
0.02575998306274414,0.0021910590077243984,0.007882070541381837,0.0004574650644864009,10.0,0.1,"{'clf__estimator__C': 10.0, 'clf__estimator__gamma': 0.1}",0.9757481940144479,0.9721362229102166,0.9788441692466461,0.9638802889576883,0.9922600619195046,0.9765737874097006,0.009302820301124401,4
